Complexity,Loss,Equation
1,2.0800021e-10,"5.4415034e-7"
3,1.4013397e-10,"-0.00031639574 * x0"
5,1.01693605e-10,"(-0.0015618574 + x2) * x0"
