{
    "training_results": {
        "convergence_summary": [
            {
                "run": 1,
                "iteration": 4999,
                "loss": 0.47629106044769287,
                "v_mse": 0.024705203250050545,
                "w_mse": 0.3181536793708801,
                "total_mse": 0.34285888262093067
            },
            {
                "run": 2,
                "iteration": 4999,
                "loss": 0.43100637197494507,
                "v_mse": 0.004533726256340742,
                "w_mse": 0.5850659608840942,
                "total_mse": 0.589599687140435
            }
        ],
        "loss_progression": {
            "1": {
                "iterations": [
                    1,
                    251,
                    501,
                    751,
                    1001,
                    1251,
                    1501,
                    1751,
                    2001,
                    2251,
                    2501,
                    2751,
                    3001,
                    3251,
                    3501,
                    3751,
                    4001,
                    4251,
                    4501,
                    4751
                ],
                "losses": [
                    4.295743465423584,
                    4.4091796875,
                    1.3645837306976318,
                    0.7588761448860168,
                    0.5763001441955566,
                    0.571792721748352,
                    0.48297950625419617,
                    0.5101411938667297,
                    0.4611609876155853,
                    0.4546850323677063,
                    0.5132144689559937,
                    0.40122291445732117,
                    0.5199240446090698,
                    0.5136294364929199,
                    0.27456793189048767,
                    0.5019222497940063,
                    0.4068768620491028,
                    0.300051748752594,
                    0.3934023380279541,
                    0.2972884178161621
                ]
            },
            "2": {
                "iterations": [
                    1,
                    251,
                    501,
                    751,
                    1001,
                    1251,
                    1501,
                    1751,
                    2001,
                    2251,
                    2501,
                    2751,
                    3001,
                    3251,
                    3501,
                    3751,
                    4001,
                    4251,
                    4501,
                    4751
                ],
                "losses": [
                    4.7007670402526855,
                    4.712521553039551,
                    5.058984279632568,
                    4.400404930114746,
                    3.22761869430542,
                    0.8780555129051208,
                    0.6482027173042297,
                    0.5350461006164551,
                    0.4336850047111511,
                    0.5729576945304871,
                    0.5851277112960815,
                    0.3341338336467743,
                    0.40109148621559143,
                    0.46583181619644165,
                    0.47738537192344666,
                    0.5394436120986938,
                    0.37060099840164185,
                    0.42183777689933777,
                    0.3292063772678375,
                    0.4676092863082886
                ]
            }
        },
        "statistics": {
            "total_mse_mean": 0.4662292848806828,
            "total_mse_std": 0.12337040225975215,
            "total_mse_cv": 26.461315550207242,
            "loss_mean": 0.45364871621131897,
            "loss_std": 0.0226423442363739,
            "loss_cv": 4.991162418682263,
            "best_run": 1,
            "best_total_mse": 0.34285888262093067,
            "best_v_mse": 0.024705203250050545,
            "best_w_mse": 0.3181536793708801,
            "success_rate": "2/2",
            "improvement": 26.461315550207242
        },
        "best_model": {
            "run": 1,
            "total_mse": 0.34285888262093067,
            "v_mse": 0.024705203250050545,
            "w_mse": 0.3181536793708801
        }
    },
    "analysis_info": {
        "total_runs": 2,
        "success_rate": "2/2",
        "improvement_over_mean": "26.5%",
        "stability_cv": "26.5%"
    }
}